{
  "bpm": 115.9376449584961,
  "tempo_confidence": 2.7984790802001953,
  "beats_count": 411,
  "onset_rate": 0.0,
  "harmonic_percussive_ratio": 0.0,
  "key": "Eb",
  "scale": "minor",
  "key_strength": 0.8943020105361938,
  "timbral": {
    "mfcc_mean": [
      -494.5363464355469,
      119.68425750732422,
      -20.884660720825195,
      20.289199829101562,
      12.175467491149902,
      17.21476173400879,
      1.8078336715698242,
      8.966018676757812,
      3.5741052627563477,
      3.7762584686279297,
      4.669119834899902,
      2.94040584564209,
      -1.4829660654067993
    ],
    "mfcc_std": [
      124.36634063720703,
      39.502410888671875,
      23.70465850830078,
      20.1505069732666,
      17.80974578857422,
      13.863812446594238,
      12.816149711608887,
      13.363182067871094,
      12.135332107543945,
      10.860815048217773,
      9.315631866455078,
      9.580206871032715,
      9.448131561279297
    ]
  },
  "spectral": {
    "centroid_avg": 0.12319015920391661,
    "zcr_avg": 0.06624731548930787,
    "rolloff_avg": 0.0,
    "flatness_avg": 0.0,
    "flux_avg": 0.0,
    "contrast_mean": [],
    "dissonance_avg": 0.0
  },
  "chroma": {
    "chroma_mean": [],
    "chroma_std": []
  },
  "dynamics": {
    "energy_avg": 76.46265035501321,
    "rms_avg": 0.2558839189698795,
    "loudness_avg": 17.340508908251422,
    "crest_factor": 0.0
  },
  "deep_embeds": {
    "vggish": []
  }
}