{
  "bpm": 73.93675994873047,
  "tempo_confidence": 1.1442829370498657,
  "beats_count": 275,
  "onset_rate": 0.0,
  "harmonic_percussive_ratio": 0.0,
  "key": "B",
  "scale": "minor",
  "key_strength": 0.9296563863754272,
  "timbral": {
    "mfcc_mean": [
      -580.2449951171875,
      144.2092742919922,
      10.857548713684082,
      13.80996322631836,
      12.372237205505371,
      20.624366760253906,
      3.4373114109039307,
      4.551126003265381,
      2.4836721420288086,
      2.3636891841888428,
      2.5936331748962402,
      3.375697612762451,
      2.2570595741271973
    ],
    "mfcc_std": [
      159.23663330078125,
      49.500099182128906,
      34.19349670410156,
      21.626554489135742,
      18.408418655395508,
      15.667879104614258,
      15.16175651550293,
      13.780485153198242,
      13.406180381774902,
      10.807628631591797,
      10.536921501159668,
      9.709809303283691,
      9.371400833129883
    ]
  },
  "spectral": {
    "centroid_avg": 0.1320961803857677,
    "zcr_avg": 0.06943786207140165,
    "rolloff_avg": 0.0,
    "flatness_avg": 0.0,
    "flux_avg": 0.0,
    "contrast_mean": [],
    "dissonance_avg": 0.0
  },
  "chroma": {
    "chroma_mean": [],
    "chroma_std": []
  },
  "dynamics": {
    "energy_avg": 47.3979504897844,
    "rms_avg": 0.1966468815366386,
    "loudness_avg": 12.345237392557308,
    "crest_factor": 0.0
  },
  "deep_embeds": {
    "vggish": []
  }
}